question_name,execution_time,judge_predict,AC,WA,RE,TLE,MLE,CE,total_test_cases
Bondinho,0.0791800000006333,AC,26,0,0,0,0,0,26
A Grande Casquinha,0.0671595000021625,AC,27,0,0,0,0,0,27
A idade de Dona Mônica,0.0698925999968196,AC,24,0,0,0,0,0,24
Alfabeto Alienígena,0.0793718999993871,AC,61,0,0,0,0,0,61
Altura da árvore,0.0781604000003426,AC,63,0,0,0,0,0,63
Amigos,0.1834292999992612,AC,52,0,0,0,0,0,52
Anagrama,0.0673525999955018,AC,20,0,0,0,0,0,20
Aplicativo de Calorias,0.0755368999962229,AC,25,0,0,0,0,0,25
Arara!,0.0735069000002113,AC,15,0,0,0,0,0,15
Arco e flecha,0.4339265000016894,WA,11,28,0,0,0,0,39
Arranha-céu,0.3083489999989979,AC,20,0,0,0,0,0,20
Atlanta,0.0813468999986071,AC,40,0,0,0,0,0,40
Atletismo,0.0801645999963511,AC,41,0,0,0,0,0,41
Avenida,0.0681832000045687,AC,28,0,0,0,0,0,28
Aventura na floresta mágica,0.0686083999971742,AC,12,0,0,0,0,0,12
Bactérias,0.0632158000007621,AC,36,0,0,0,0,0,36
Barcos da Nlogônia,0.7363496999969357,AC,52,0,0,0,0,0,52
Bibi e a árvore,0.0736515000025974,WA,9,64,0,0,0,0,73
Bits,0.0723713999977917,AC,34,0,0,0,0,0,34
Bondinho,0.0507269000008818,AC,26,0,0,0,0,0,26
Botas Trocadas,0.0687523000015062,AC,28,0,0,0,0,0,28
Burocracia,0.5166926000019885,AC,53,0,0,0,0,0,53
Busca na Internet,0.0745697999955155,AC,30,0,0,0,0,0,30
Cabo de Guerra,0.0704972000021371,AC,76,0,0,0,0,0,76
Cadeado,0.0629977999997208,AC,33,0,0,0,0,0,33
Cafeteria,0.0656761999998707,AC,36,0,0,0,0,0,36
Café com Leite,0.0713460999977542,AC,21,0,0,0,0,0,21
Caixinha de palitos,0.0712935999981709,AC,61,0,0,0,0,0,61
Calçada Imperial,0.0702273999995668,AC,20,0,0,0,0,0,20
Caminho,0.1749102000030689,AC,25,0,0,0,0,0,25
Camisetas da Olimpíada,0.0686912999954074,AC,25,0,0,0,0,0,25
Campeonato de Xadrez,0.0813895000028424,AC,24,0,0,0,0,0,24
Capital,0.0627457000009599,AC,39,0,0,0,0,0,39
Caravana,0.0665135000017471,AC,8,0,0,0,0,0,8
Cartas,0.0681791999959386,AC,30,0,0,0,0,0,30
Casamento de inteiros,0.1100835000033839,AC,20,0,0,0,0,0,20
Castelo de Blocos,0.1693665999991935,AC,15,0,0,0,0,0,15
Castelos da Nlogônia,0.0691653999965637,AC,36,0,0,0,0,0,36
Caverna de Ordinskaya,0.0738779000021168,AC,90,0,0,0,0,0,90
Chinelos,0.0677562999990186,AC,16,0,0,0,0,0,16
Chocolate em barra,0.0630448999945656,AC,28,0,0,0,0,0,28
Christina e os bombons,0.0686847999968449,AC,51,0,0,0,0,0,51
Chuva,0.0855292000051122,AC,35,0,0,0,0,0,35
Cinema,0.0695370999965234,AC,20,0,0,0,0,0,20
Cobra coral,0.0771769000057247,AC,25,0,0,0,0,0,25
Coleção de Upas,0.1671257999987574,AC,42,0,0,0,0,0,42
Concatena Dígitos,0.1296049000011407,AC,25,0,0,0,0,0,25
Concurso,0.0709005000026081,AC,45,0,0,0,0,0,45
Contas a Pagar,0.06477669999731,AC,43,0,0,0,0,0,43
Conversa dos Pinguins,0.0762239000032423,AC,34,0,0,0,0,0,34
Copa do Mundo,0.0753973000028054,AC,21,0,0,0,0,0,21
Cubo Preto,0.0549078000040026,AC,11,0,0,0,0,0,11
Cálculo,0.070378399999754,AC,29,0,0,0,0,0,29
Cálculo rápido,0.0654844000018783,AC,20,0,0,0,0,0,20
Câmeras,0.0823167000053217,AC,60,0,0,0,0,0,60
Código,0.0664687000025878,AC,28,0,0,0,0,0,28
Código de Compressão,0.0600703000018256,AC,32,0,0,0,0,0,32
Dança de Formatura,0.794772200002626,AC,55,0,0,0,0,0,55
Dario e Xerxes,0.06225760000234,AC,22,0,0,0,0,0,22
Decifra,0.0763294999997015,AC,20,0,0,0,0,0,20
Diagonal,0.3743638000014471,AC,46,0,0,0,0,0,46
Dieta,0.0740134000006946,AC,20,0,0,0,0,0,20
Direção,0.0643935999978566,AC,24,0,0,0,0,0,24
Distância entre amigos,0.0936371999996481,AC,30,0,0,0,0,0,30
Dividindo o império,0.1353705000001355,AC,18,0,0,0,0,0,18
Divisão do Tesouro,0.0725007000000914,AC,19,0,0,0,0,0,19
Doces da Estela,0.0646118000004207,AC,37,0,0,0,0,0,37
Dominó,0.0640531000026385,AC,42,0,0,0,0,0,42
Dominó Nlogônico,0.2329230999966967,AC,73,0,0,0,0,0,73
Dona Lesma,0.0760388000053353,AC,20,0,0,0,0,0,20
Dona Minhoca,0.1136925000027986,AC,29,0,0,0,0,0,29
Drone de Entrega,0.0844975999934831,AC,51,0,0,0,0,0,51
Duplas de tênis,0.068037799996091,AC,40,0,0,0,0,0,40
Emoticons,0.0648365000015473,AC,25,0,0,0,0,0,25
Empregos de Júlio,0.1264889000012772,AC,66,0,0,0,0,0,66
Entrevistas de emprego,0.5126792000010028,AC,29,0,0,0,0,0,29
Epidemia,0.0668976999950246,AC,28,0,0,0,0,0,28
Escadaria,0.1392964000042411,AC,56,0,0,0,0,0,56
Estante de Livros,0.0552307999969343,AC,50,0,0,0,0,0,50
Estoque,0.068602399995143,AC,23,0,0,0,0,0,23
Estrada,0.0796965999979875,AC,30,0,0,0,0,0,30
Estradas em Nlogônia,0.0705825999975786,AC,4,0,0,0,0,0,4
Falha de segurança,0.1714713999972446,AC,30,0,0,0,0,0,30
Falta uma,0.0760483000049134,AC,28,0,0,0,0,0,28
Família real,0.0807579000029363,AC,15,0,0,0,0,0,15
Fast-Food,0.3825883000026806,AC,62,0,0,0,0,0,62
Fefe e o jogos dos monstrinhos,0.0820707000020775,AC,30,0,0,0,0,0,30
Feira de Artesanato,0.2728903000024729,AC,52,0,0,0,0,0,52
Feirinha de Artesanato,0.1011342000056174,AC,44,0,0,0,0,0,44
Festa Junina,0.0695592999982182,AC,11,0,0,0,0,0,11
Festa olímpica,1.843956999997317,AC,34,0,0,0,0,0,34
Fila,0.0650215999994543,AC,26,0,0,0,0,0,26
Fita Colorida,0.0809055999998236,AC,31,0,0,0,0,0,31
Flíper,0.055859899999632,AC,15,0,0,0,0,0,15
Fotografando Prédios,0.263700700001209,AC,23,0,0,0,0,0,23
Fotografia,0.069196299999021,AC,20,0,0,0,0,0,20
Fotos de Relíquias,0.0675501000005169,AC,43,0,0,0,0,0,43
Fábrica de Tesouras,0.0682358999983989,AC,58,0,0,0,0,0,58
Game Show,0.0791448000018135,AC,25,0,0,0,0,0,25
Garamana,0.0759773999961908,AC,49,0,0,0,0,0,49
Garrafões,0.3100629000036861,AC,50,0,0,0,0,0,50
Gincana,0.0807839999979478,AC,59,0,0,0,0,0,59
Gomoku,0.0733612000040011,AC,30,0,0,0,0,0,30
Grupos de Trabalho,0.2228326999975252,AC,25,0,0,0,0,0,25
Harmonia Nasal,0.0970894999991287,AC,86,0,0,0,0,0,86
Hidrovias e Rodovias,0.1687626000057207,AC,62,0,0,0,0,0,62
Hotel,0.063841199997114,AC,30,0,0,0,0,0,30
Hotel Nlogônia,1.0,TLE,59,0,0,1,0,0,60
Impedido!,0.0662252000038279,AC,54,0,0,0,0,0,54
Impedimento!,0.0633814000029815,AC,54,0,0,0,0,0,54
Intervalo Distinto,0.083400999996229,AC,53,0,0,0,0,0,53
Irmãos,0.0633029000018723,AC,16,0,0,0,0,0,16
Jardim de infância,0.0675826000006054,AC,80,0,0,0,0,0,80
Jogo,0.0709206000028643,AC,18,0,0,0,0,0,18
Jogo da Vida,0.2202953999949386,AC,19,0,0,0,0,0,19
Jogo de par ou ímpar,0.0717089000027044,AC,16,0,0,0,0,0,16
Jogo de Pratos,0.6050027999954182,AC,73,0,0,0,0,0,73
Jogo de Tabuleiro,0.0708803000015905,AC,28,0,0,0,0,0,28
Jogo do Poder,0.39168499999505,AC,150,0,0,0,0,0,150
Jogo do Preto e Branco,0.0814462999987881,AC,40,0,0,0,0,0,40
Jogo dos copos,0.0772665000040433,AC,50,0,0,0,0,0,50
Jogo dos Pinos,0.0704642999990028,AC,16,0,0,0,0,0,16
Leilão,0.0829111999992164,AC,24,0,0,0,0,0,24
Letras,0.1048895999992964,AC,64,0,0,0,0,0,64
Lista palíndroma,0.1762710999973933,AC,20,0,0,0,0,0,20
Língua do P,0.0571911000006366,AC,22,0,0,0,0,0,22
Macacos me mordam!,0.3586114000063389,AC,38,0,0,0,0,0,38
Machine Learning,0.0788399999946705,AC,51,0,0,0,0,0,51
Maior valor,0.0654519999952754,AC,40,0,0,0,0,0,40
Mapa,0.0746226999981445,AC,21,0,0,0,0,0,21
Medalhas,0.0710629999957745,AC,69,0,0,0,0,0,69
Metrônibus,0.2326655999931972,AC,82,0,0,0,0,0,82
Mina,0.0703409999987343,AC,40,0,0,0,0,0,40
Mistura de Poções,0.0925486999985878,AC,50,0,0,0,0,0,50
Montanha,0.0746445999975549,AC,33,0,0,0,0,0,33
Musical,0.0569860000032349,AC,51,0,0,0,0,0,51
Média e mediana,0.076871299999766,AC,20,0,0,0,0,0,20
Móbile,0.076006099996448,AC,30,0,0,0,0,0,30
Música para Todos,0.0769628999987617,AC,21,0,0,0,0,0,21
Nota cortada,0.0898601000008056,AC,65,0,0,0,0,0,65
Nota esquecida,0.0729016999976011,AC,68,0,0,0,0,0,68
Oficina Mecânica,0.1194243000063579,AC,91,0,0,0,0,0,91
Ogro,0.0644041999985347,AC,20,0,0,0,0,0,20
Ogro_2024,0.0587869000009959,AC,20,0,0,0,0,0,20
Palavras Cruzadas,0.0732550000029732,AC,20,0,0,0,0,0,20
Pangrama,0.0619712999978219,AC,50,0,0,0,0,0,50
Parcelamento sem juros,0.0664764999964973,AC,38,0,0,0,0,0,38
Pares de números,0.0676457000008667,AC,31,0,0,0,0,0,31
Pesquisa de preços,0.092093899998872,AC,10,0,0,0,0,0,10
Pizza da OBI,0.0743982000058167,AC,27,0,0,0,0,0,27
Pizzaria,0.0821089000019128,AC,10,0,0,0,0,0,10
Placar do Jogo,0.0627488000027369,AC,30,0,0,0,0,0,30
Placas de Carro,0.0881528999962029,AC,31,0,0,0,0,0,31
Plano de estacionamento,0.0994620000055874,AC,50,0,0,0,0,0,50
Plantação de morango,0.0574068999994779,AC,12,0,0,0,0,0,12
Poligrama,0.0735889999996288,AC,10,0,0,0,0,0,10
Ponto do meio,0.1427745000037248,AC,31,0,0,0,0,0,31
Postes,0.0685228000002098,AC,25,0,0,0,0,0,25
Potência,0.0741600000037578,AC,20,0,0,0,0,0,20
Prefixo,0.0702511000054073,AC,30,0,0,0,0,0,30
Prêmio,0.0623701000004075,AC,40,0,0,0,0,0,40
Prêmio do Milhão,0.0719862000041757,AC,20,0,0,0,0,0,20
"Pô, que mão",0.0750861000051372,AC,120,0,0,0,0,0,120
Quadrado,0.0761809000032371,AC,30,0,0,0,0,0,30
Quadrado Mágico,0.0979427000056603,AC,20,0,0,0,0,0,20
Quebra-cabeça,0.0954292000023997,AC,24,0,0,0,0,0,24
Ralouim,2.3966752999986056,AC,40,0,0,0,0,0,40
Recorde,0.0582536000001709,AC,20,0,0,0,0,0,20
Rede Social,0.2025752999979886,AC,30,0,0,0,0,0,30
Redes de Descanso,0.0708910999965155,AC,35,0,0,0,0,0,35
Relógio,0.0706572999988566,AC,52,0,0,0,0,0,52
Relógio de Atleta,0.0853817000024719,AC,20,0,0,0,0,0,20
Remove Dígitos,0.071595100002014,AC,30,0,0,0,0,0,30
Restaurante de pizza,0.0690218000017921,AC,60,0,0,0,0,0,60
Retas,0.3406800999946426,AC,43,0,0,0,0,0,43
Retângulo,0.0721908999985316,AC,35,0,0,0,0,0,35
Revezamento,0.1811697000011918,AC,43,0,0,0,0,0,43
Robô,0.0765480000045499,AC,50,0,0,0,0,0,50
Sacolas,0.0725672000044141,AC,42,0,0,0,0,0,42
Salada de Frutas,0.0709720000013476,AC,28,0,0,0,0,0,28
Sanduíche,0.0865439000044716,AC,23,0,0,0,0,0,23
Senha da Vó Zinha,0.0779429000031086,AC,10,0,0,0,0,0,10
Sequência Secreta,0.0752713999972911,AC,19,0,0,0,0,0,19
Show,0.0732038999994983,AC,25,0,0,0,0,0,25
Soma,0.1787250999987009,AC,46,0,0,0,0,0,46
Sr. Sapo,0.0780286000008345,AC,29,0,0,0,0,0,29
Sr. Toupeira,0.4752100000041537,AC,26,0,0,0,0,0,26
Subcadeias,0.0722467000014148,AC,40,0,0,0,0,0,40
Subsequência,0.0775524999990011,AC,51,0,0,0,0,0,51
Suco Radioativo,0.0596093000058317,AC,27,0,0,0,0,0,27
Supermercado,0.0737186000042129,AC,20,0,0,0,0,0,20
Tabela do campeonato,0.0927815000031841,AC,124,0,0,0,0,0,124
Tabuleiro,0.0847158999968087,AC,35,0,0,0,0,0,35
Tanque de combustível,0.0654149999973014,AC,20,0,0,0,0,0,20
Tapetes,0.0699048999958904,AC,54,0,0,0,0,0,54
Teclado,0.069351899997855,AC,27,0,0,0,0,0,27
Teleférico,0.0692943000030936,AC,36,0,0,0,0,0,36
Tesouro,0.2476846999998088,AC,54,0,0,0,0,0,54
Teste de redação,0.0854351999951177,WA,0,5,0,0,0,0,5
Times,0.2305681999932858,AC,32,0,0,0,0,0,32
Toupeira,0.5637418999976944,AC,26,0,0,0,0,0,26
Transportes,0.674069699998654,AC,107,0,0,0,0,0,107
Trio de Palitinhos,0.1498663000020315,AC,33,0,0,0,0,0,33
Triângulo,0.0593445000049541,AC,50,0,0,0,0,0,50
Troféu,0.0671720000027562,AC,25,0,0,0,0,0,25
Três por Dois,0.0681611000036355,AC,41,0,0,0,0,0,41
Um Desafio Muito Distinto,0.2360465000019758,AC,41,0,0,0,0,0,41
Unicórnio,0.0586065999959828,AC,8,0,0,0,0,0,8
Vale-presente,0.0646732999957748,AC,27,0,0,0,0,0,27
VAR,0.0700179999985266,AC,41,0,0,0,0,0,41
Viagem,1.1983476000023074,AC,38,0,0,0,0,0,38
Visita entre cidades,0.08517920000304,AC,19,0,0,0,0,0,19
Xadrez Aleatório,0.0687694999942323,AC,57,0,0,0,0,0,57
Zip,0.0685456999999587,AC,40,0,0,0,0,0,40
Ônibus,0.06662130000040634,AC,19,0,0,0,0,0,19
